{
  "displays": {
    "windows": [
      {
        "name": "desktopWindow",
        "is_stereo": false,
        "x": 320,
        "y": 320,
        "width": 1600,
        "height": 1200,
        "show_system_decoration": true,
        "background_color": {
          "r": 0.19607843137254902,
          "g": 0.19607843137254902,
          "b": 0.19607843137254902,
          "a": 0.0
        },
        "show_ui": true
      }
    ]
  }
}
